-- phpMyAdmin SQL Dump
-- version 5.1.1
-- https://www.phpmyadmin.net/
--
-- Servidor: 127.0.0.1
-- Tiempo de generación: 26-10-2023 a las 21:16:25
-- Versión del servidor: 10.4.22-MariaDB
-- Versión de PHP: 8.1.2

SET SQL_MODE = "NO_AUTO_VALUE_ON_ZERO";
START TRANSACTION;
SET time_zone = "+00:00";


/*!40101 SET @OLD_CHARACTER_SET_CLIENT=@@CHARACTER_SET_CLIENT */;
/*!40101 SET @OLD_CHARACTER_SET_RESULTS=@@CHARACTER_SET_RESULTS */;
/*!40101 SET @OLD_COLLATION_CONNECTION=@@COLLATION_CONNECTION */;
/*!40101 SET NAMES utf8mb4 */;

--
-- Base de datos: `db_ajax`
--

-- --------------------------------------------------------

--
-- Estructura de tabla para la tabla `departments`
--

CREATE TABLE `departments` (
  `dept_no` char(4) NOT NULL,
  `dept_name` varchar(40) NOT NULL
) ENGINE=InnoDB DEFAULT CHARSET=utf8mb4;

--
-- Volcado de datos para la tabla `departments`
--

INSERT INTO `departments` (`dept_no`, `dept_name`) VALUES
('1', 'Contabilidad'),
('4', 'Gerencia'),
('3', 'Informatica'),
('2', 'RR HH');

-- --------------------------------------------------------

--
-- Estructura de tabla para la tabla `dept_emp`
--

CREATE TABLE `dept_emp` (
  `emp_no` int(11) NOT NULL,
  `dept_no` char(4) NOT NULL,
  `from_date` date NOT NULL,
  `to_date` date NOT NULL
) ENGINE=InnoDB DEFAULT CHARSET=utf8mb4;

--
-- Volcado de datos para la tabla `dept_emp`
--

INSERT INTO `dept_emp` (`emp_no`, `dept_no`, `from_date`, `to_date`) VALUES
(1, '1', '2023-10-01', '2023-10-31'),
(2, '3', '2023-10-03', '2023-10-17'),
(3, '2', '2023-10-08', '2023-10-14'),
(4, '4', '2023-10-03', '2023-10-17');

-- --------------------------------------------------------

--
-- Estructura de tabla para la tabla `employees`
--

CREATE TABLE `employees` (
  `emp_no` int(11) NOT NULL,
  `birth_date` date NOT NULL,
  `first_name` varchar(14) NOT NULL,
  `last_name` varchar(16) NOT NULL,
  `gender` enum('M','F') NOT NULL,
  `hire_date` date NOT NULL
) ENGINE=InnoDB DEFAULT CHARSET=utf8mb4;

--
-- Volcado de datos para la tabla `employees`
--

INSERT INTO `employees` (`emp_no`, `birth_date`, `first_name`, `last_name`, `gender`, `hire_date`) VALUES
(1, '2001-10-01', 'Fabian', 'Hernandez', 'M', '2023-10-01'),
(2, '2023-10-02', 'Isaac', 'Hernandez', 'M', '2023-10-05'),
(3, '2013-10-01', 'Isabel', 'Mendez', 'F', '2023-10-17'),
(4, '2013-10-11', 'Rodrigol', 'Rodriguez', 'M', '2023-10-28');

--
-- Índices para tablas volcadas
--

--
-- Indices de la tabla `departments`
--
ALTER TABLE `departments`
  ADD PRIMARY KEY (`dept_no`),
  ADD UNIQUE KEY `dept_name` (`dept_name`);

--
-- Indices de la tabla `dept_emp`
--
ALTER TABLE `dept_emp`
  ADD PRIMARY KEY (`emp_no`,`dept_no`),
  ADD KEY `emp_no` (`emp_no`),
  ADD KEY `dept_no` (`dept_no`);

--
-- Indices de la tabla `employees`
--
ALTER TABLE `employees`
  ADD PRIMARY KEY (`emp_no`);

--
-- Restricciones para tablas volcadas
--

--
-- Filtros para la tabla `dept_emp`
--
ALTER TABLE `dept_emp`
  ADD CONSTRAINT `dept_emp_ibfk_1` FOREIGN KEY (`emp_no`) REFERENCES `employees` (`emp_no`) ON DELETE CASCADE,
  ADD CONSTRAINT `dept_emp_ibfk_2` FOREIGN KEY (`dept_no`) REFERENCES `departments` (`dept_no`) ON DELETE CASCADE;
COMMIT;

/*!40101 SET CHARACTER_SET_CLIENT=@OLD_CHARACTER_SET_CLIENT */;
/*!40101 SET CHARACTER_SET_RESULTS=@OLD_CHARACTER_SET_RESULTS */;
/*!40101 SET COLLATION_CONNECTION=@OLD_COLLATION_CONNECTION */;
